product_id,fy,volume,revenue,attributable_cost,volume_variable_cost,product_specific_cost,weight
3,2008,33509710117.0,14353524033.0,8443075619.0,8434322619.0,8753000.0,1000328975.0
4,2008,1845859643.0,500489597.0,446508772.0,446026772.0,482000.0,11830080.0
5,2008,35355569760.0,14854013630.0,8889584391.0,8880349391.0,9235000.0,1012159055.0
8,2008,48379873634.0,16327804358.0,5441668078.0,5429030078.0,12638000.0,2174874013.0
9,2008,3555997304.0,732236796.0,282270462.0,281341462.0,929000.0,28969254.0
10,2008,51935870938.0,17060041154.0,5723938540.0,5710371540.0,13567000.0,2203843267.0
14,2008,3379740269.0,4056250422.0,2570962042.0,2570080042.0,882000.0,693504018.0
19,2008,605521764.0,1120766482.0,1079748614.0,1079591614.0,157000.0,195046732.0
101,2008,420032766.0,746930918.0,525097237.0,525097237.0,,60543293.0
102,2008,417029219.0,205335856.0,257895585.0,257895585.0,,
262,2008,92113764716.0,38228871247.0,19047226408.0,19023385408.0,23841000.0,4165096365.0
21,2008,5598912951.0,734197098.0,320494603.0,319868603.0,626000.0,250004215.0
22,2008,13584058849.0,2158255309.0,844353277.0,842833277.0,1520000.0,2533241995.0
23,2008,12070176063.0,2731128255.0,1814258736.0,1812907736.0,1351000.0,2500770282.0
25,2008,57086421302.0,10555141764.0,5478479696.0,5472091696.0,6388000.0,2859998608.0
26,2008,10010856960.0,3663747837.0,3890987813.0,3889867813.0,1120000.0,2541283885.0
27,2008,733728820.0,647383010.0,813383004.0,813301004.0,82000.0,331886296.0
263,2008,99084154945.0,20586292254.0,13161957129.0,13150870129.0,11087000.0,11017185281.0
31,2008,830887260.0,89118523.0,94337654.0,94335654.0,2000.0,279193069.0
32,2008,7774339432.0,2187870965.0,2637811390.0,2637792390.0,19000.0,3397716043.0
264,2008,8605226692.0,2294856567.0,2732149043.0,2732128043.0,21000.0,3676909112.0
41,2008,89536328.0,718091109.0,783974014.0,783974014.0,,470859327.0
123,2008,604155.0,9028411.0,5691398.0,5691398.0,,
42,2008,289623046.0,261936556.0,157550946.0,157550946.0,,402869329.0
43,2008,308560581.0,429930085.0,399162564.0,399162564.0,,926808478.0
44,2008,158504963.0,418873438.0,478752111.0,478752111.0,,354742730.0
265,2008,846829073.0,1842088228.0,1825131034.0,1825131034.0,,2155279864.0
85,2008,823684668.0,,,,,148948377.0
86,2008,71975380.0,,51973390.0,51973390.0,,33306812.0
51,2008,268917102.0,717822287.0,602571702.0,602510702.0,61000.0,
52,2008,1155026.0,8135548.0,6834863.0,6834863.0,,
54,2008,51595220.0,144581632.0,143855100.0,143843100.0,12000.0,
55,2008,3861192.0,56883488.0,57739829.0,57738829.0,1000.0,
56,2008,0.0,23420650.0,10044811.0,10044811.0,,
57,2008,0.0,987490.0,1364453.0,1364453.0,,
58,2008,1208209829.0,734471754.0,533667462.0,533391462.0,276000.0,
108,2008,1533738369.0,1686302849.0,1356078220.0,1355728220.0,350000.0,
109,2008,16466812.0,29054419.0,62727673.0,62727673.0,,
73,2008,149124623.0,223336366.0,152774605.0,149946367.0,2828238.0,
74,2008,0.0,896656469.0,640282991.0,639963483.0,319508.0,
76,2008,139000.0,191000.0,5147122.0,5147122.0,,
266,2008,1699468804.0,2835541103.0,2217010612.0,2213512865.0,3497746.0,
3,2009,30016464675.0,13298977064.0,7902016361.0,7891702361.0,10314000.0,912863851.0
4,2009,1616755072.0,454533625.0,440002937.0,439447937.0,555000.0,10348311.0
5,2009,31633219747.0,13753510689.0,8342019298.0,8331150298.0,10869000.0,923212162.0
8,2009,44807701007.0,15615862781.0,5366240834.0,5350741834.0,15499000.0,1874580676.0
9,2009,3126015817.0,666223915.0,240955688.0,239881688.0,1074000.0,25335121.0
10,2009,47933716824.0,16282086696.0,5607196522.0,5590623522.0,16573000.0,1912252797.0
14,2009,2864495701.0,3539891995.0,2157509720.0,2156524720.0,985000.0,597233491.0
19,2009,580825695.0,1113757996.0,1095175201.0,1094470201.0,705000.0,189711124.0
127,2009,301476000.0,99036419.0,38285000.0,35364934.0,2920066.0,12337000.0
101,2009,456448687.0,756357197.0,468134101.0,468134101.0,,55791415.088184
102,2009,439954997.0,161353642.0,266623959.0,266623959.0,,95104600.62371
262,2009,84210137651.0,35872755897.0,17974943801.0,17942891735.0,32052066.0,3690537989.088184
21,2009,5085391051.0,681945699.0,318151851.0,317781851.0,370000.0,228547848.0
22,2009,12356827956.0,1971816460.0,825641954.0,824742954.0,899000.0,2174818618.0
23,2009,9856741062.0,2271909004.0,1578322880.0,1577601669.0,721211.0,1993434905.0
25,2009,46223874831.0,8709489809.0,5032818677.0,5029407677.0,3411000.0,2585932247.0
26,2009,7793510893.0,2865985839.0,3488253582.0,3487684582.0,569000.0,1963766023.0
27,2009,679041478.0,631897530.0,840000687.0,839902687.0,98000.0,305919650.0
139,2009,710174415.0,142262201.0,88774000.0,85194066.0,3579934.0,37023000.0
135,2009,649000.0,,,,,160000.0
263,2009,82706210686.0,17363725193.0,12171963632.0,12162315487.0,9648145.0,9289602291.0
31,2009,859268411.0,90615809.0,105052171.0,105052171.0,,267225951.0
32,2009,7094446626.0,1932085008.0,2574931011.0,2574931011.0,,2765136010.0
264,2009,7953715037.0,2038144039.0,2679983181.0,2679983181.0,,3032361961.0
41,2009,80716175.0,699269373.0,761308421.0,761308421.0,,444397192.0
123,2009,878353.0,12879786.0,12254298.0,12254298.0,,15109663.889468
42,2009,238799031.0,206445151.0,118838899.0,118838899.0,,332350809.0
43,2009,270623006.0,362608191.0,371149759.0,371149759.0,,780716431.0
44,2009,140138772.0,397398029.0,472361135.0,472361135.0,,314553264.0
265,2009,731155337.0,1682577458.0,1735912512.0,1735912512.0,,1887127359.889468
85,2009,454864854.0,,,,,126141454.0
86,2009,61958282.0,,54158424.0,54158424.0,,30243412.0
51,2009,266490764.0,729813026.0,659479507.0,659464507.0,15000.0,
52,2009,1015205.0,7564147.0,6596176.0,6596176.0,,
54,2009,43767420.0,129069205.0,116869295.0,116867295.0,2000.0,
55,2009,3181977.0,49905881.0,50585583.0,50585583.0,,
58,2009,1301738567.0,751479542.0,519706842.0,519633842.0,73000.0,
109,2009,16891052.0,25645056.0,37409858.0,37409858.0,,
73,2009,135039460.0,191100000.0,146134926.0,143035932.0,3098994.0,
266,2009,1768124445.0,2825196797.0,2213469746.0,2206291154.0,7178592.0,
131,2009,47015273.0,884571111.0,553312001.0,544373210.0,8938791.0,44914777.0
132,2009,790069671.0,5362466262.0,4123864014.0,4059103611.0,64760402.0,1634451697.0
255,2009,241186127.0,515033951.0,430214714.0,430107797.0,100000.0,908804894.0
256,2009,321199607.0,,,,,278820874.013944
254,2009,1400697852.0,8132786175.0,6174755385.0,6093412453.0,81342932.0,2866992242.013943
3,2010,27147918293.0,12339555160.0,7376828271.0,7354368770.0,22459501.0,847776797.0
4,2010,1436993692.0,413216238.0,398613759.0,397424932.0,1188827.0,9183251.0
5,2010,28584911985.0,12752771398.0,7775442030.0,7751793702.0,23648328.0,856960048.0
8,2010,43293820685.0,15345136872.0,5161838861.0,5157781783.0,4057078.0,2048445808.0
9,2010,2931565187.0,630208763.0,237007727.0,236733009.0,274718.0,23923312.0
10,2010,46225385872.0,15975345635.0,5398846589.0,5394514793.0,4331796.0,2072369120.0
14,2010,2483991704.0,3117723579.0,2147953273.0,2146390146.0,1563127.0,515683165.0
19,2010,574428826.0,1131180789.0,1132418206.0,1132417239.0,967.0,190876235.0
101,2010,334404183.0,689909143.0,362959119.0,362335790.0,623329.0,60529407.255718
102,2010,346070796.0,204496097.0,257790012.0,257144936.0,645076.0,79249603.434394
262,2010,78549193366.0,34025475547.0,17075409228.0,17044596605.0,30812623.0,3775667578.690111
21,2010,5428042527.0,736917389.0,348527524.0,347708611.0,818913.0,238323200.0
22,2010,11363444416.0,1848254859.0,825826991.0,824112623.0,1714368.0,2121947471.0
23,2010,9428282942.0,2222971551.0,1559827920.0,1558398664.0,1429256.0,1991215832.0
25,2010,48301094047.0,9204686883.0,5106086248.0,5098767906.0,7318342.0,2890277098.0
26,2010,7049230266.0,2579363420.0,3161327019.0,3160260743.0,1066276.0,1773809349.0
27,2010,682403363.0,602318108.0,780156163.0,780116010.0,40153.0,302311204.0
139,2010,271249607.0,58452968.0,36610584.0,36610584.0,,27485103.0
263,2010,82523747168.0,17330408933.0,11818362450.0,11805975142.0,12387308.0,9345369257.0
31,2010,695455322.0,73113205.0,98495327.0,98454309.0,41018.0,203858225.0
32,2010,6574014264.0,1793301865.0,2391342937.0,2390955200.0,387737.0,2574114051.0
264,2010,7269469586.0,1878834624.0,2489838263.0,2489409508.0,428755.0,2777972276.0
41,2010,61408341.0,614936820.0,748868593.0,748868593.0,,405953789.0
123,2010,1088839.0,17028995.0,11460228.0,11460228.0,,19142396.582998
42,2010,229751608.0,190409094.0,129358248.0,129358248.0,,320168096.0
43,2010,244735541.0,321564284.0,349249071.0,349249071.0,,679753772.0
44,2010,122322100.0,368766428.0,458551368.0,458551368.0,,284889343.0
265,2010,659306429.0,1515503219.0,1697487507.0,1697487507.0,,1709907396.582998
136,2010,1142651.0,625429.0,162000.0,162000.0,,286558.0
85,2010,431206015.0,,,,,131446673.0
86,2010,67214168.0,,66303272.0,66303272.0,,31048164.0
51,2010,268724724.0,752429224.0,634691242.0,634691242.0,,
52,2010,834483.0,6522005.0,8245738.0,8245738.0,,
54,2010,39146196.0,125567053.0,98623510.0,98623510.0,,
55,2010,2966550.0,47805705.0,42566649.0,42566649.0,,
58,2010,1605496227.0,807075588.0,494109194.0,494109194.0,,
109,2010,2752831.0,29387844.0,27402399.0,27402399.0,,
73,2010,123404756.0,183152827.0,126338894.0,123299669.0,3039225.0,
266,2010,2043325767.0,,,,,
131,2010,42552965.0,827897984.0,495559520.0,489662958.0,5896562.0,39794417.0
132,2010,809470603.0,5656639116.0,4246634295.0,4128375674.0,118258621.0,1698402755.0
255,2010,296824042.0,568756170.0,419897471.0,419891492.0,,1058066844.0
256,2010,289053798.0,1490160256.0,979111627.0,973471698.0,5639929.0,291348997.310806
3,2011,24550823641.0,11201600776.0,6848209223.0,6824301793.0,23907430.0,769643158.0
4,2011,1295941093.0,379162450.0,336434654.0,335172675.0,1261979.0,8279536.0
5,2011,25846764734.0,11580763226.0,7184643877.0,7159474468.0,25169409.0,777922694.0
8,2011,41740735339.0,14891080210.0,4963358878.0,4957935036.0,5423842.0,2210724710.0
9,2011,2753762510.0,597342731.0,220231339.0,219873512.0,357827.0,22478610.0
10,2011,44494497849.0,15488422941.0,5183590217.0,5177808548.0,5781669.0,2233203320.0
14,2011,2230919856.0,2814198117.0,1946399206.0,1944778519.0,1620687.0,455320506.0
19,2011,637982206.0,1284462449.0,1168973307.0,1168367563.0,605744.0,208796413.0
101,2011,310335185.0,647663662.0,438475606.0,437903028.0,572577.0,54178259.0
102,2011,238078053.0,136316821.0,172462693.0,172023432.0,439261.0,58133674.112337
262,2011,73758577883.0,32097933429.0,16094544905.0,16060355558.0,34189347.0,3787554866.112338
21,2011,5653874948.0,767934734.0,349009794.0,347855276.0,1154518.0,237736151.0
22,2011,11424568140.0,1880643586.0,882760888.0,880427999.0,2332889.0,2144022645.0
23,2011,9335928374.0,2222005488.0,1647827365.0,1645914474.0,1912891.0,1993085265.0
25,2011,50584189204.0,9707631806.0,5288553756.0,5278196845.0,10356911.0,2666837031.0
26,2011,6783186365.0,2491077079.0,3142861579.0,3141474724.0,1386855.0,1710266860.0
27,2011,733770153.0,650673222.0,767297783.0,767212147.0,85636.0,321571215.0
139,2011,175741965.0,38143821.0,23281000.0,23281000.0,,18419209.0
263,2011,84691259149.0,17826150378.0,12078311164.0,12061081464.0,17229700.0,9091938376.0
31,2011,661561122.0,69180835.0,89249728.0,89212110.0,37618.0,192369949.0
32,2011,6415178344.0,1743551087.0,2340773780.0,2340409001.0,364779.0,2533036164.0
264,2011,7076739466.0,1821135301.0,2430023509.0,2429621112.0,402397.0,2725406113.0
41,2011,70217810.0,732461932.0,821118831.0,821118831.0,,487293861.0
123,2011,1017314.0,18963418.0,10725437.0,10725437.0,,18346461.335242
42,2011,251831376.0,204173748.0,125416932.0,125416932.0,,368727880.0
43,2011,245281592.0,309680652.0,314561644.0,314561644.0,,668230798.0
44,2011,107828747.0,331951003.0,431067651.0,431067651.0,,259637906.0
265,2011,676176839.0,1600270188.0,1702890496.0,1702890496.0,,1802236906.335242
136,2011,133555317.0,80772213.0,77334877.0,77089882.0,244995.0,22250464.341707
85,2011,434596473.0,,,,,149446097.0
86,2011,61853966.0,,51110513.0,51110513.0,,30123155.0
51,2011,251222212.0,708755088.0,599327569.0,599316682.0,10887.0,
52,2011,819400.0,6677514.0,4373217.0,4373181.0,36.0,
54,2011,34573190.0,116651990.0,103411365.0,103409867.0,1498.0,
55,2011,2687960.0,45236486.0,42809327.0,42809211.0,116.0,
58,2011,1698367845.0,771745803.0,579484663.0,579411060.0,73603.0,
109,2011,2547795.0,33123924.0,38810880.0,38810880.0,,
73,2011,115510031.0,172696294.0,123438493.0,120220752.0,3217741.0,
266,2011,2105728433.0,,,,,
131,2011,40491995.0,799500058.0,479432267.0,473645003.0,5787264.0,38658563.0
132,2011,790633182.0,5638962796.0,4469853934.0,4361806811.0,108047123.0,1693627443.0
255,2011,380834000.0,718401893.0,516545208.0,516432434.0,112774.0,1415974000.0
256,2011,276840368.0,1693406604.0,1112440738.0,1106098281.0,6342457.0,289151018.856119
3,2012,22755167380.0,10533810338.0,6276049369.0,6245929076.0,30120293.0,710601305.0
4,2012,1158305368.0,367781344.0,297062981.0,295529774.0,1533207.0,7404114.0
5,2012,23913472748.0,10901591682.0,6573112350.0,6541458850.0,31653500.0,718005419.0
8,2012,39930761374.0,14474536579.0,4949285264.0,4937168155.0,12117109.0,2138305771.0
9,2012,2588140159.0,604601985.0,214785092.0,214003913.0,781179.0,21129479.0
10,2012,42518901533.0,15079138564.0,5164070356.0,5151172069.0,12898288.0,2159435250.0
14,2012,2049176329.0,2668414106.0,1791045242.0,1790535951.0,509291.0,418597382.0
19,2012,293412825.0,648733155.0,659146901.0,658758521.0,388380.0,91242983.0
127,2012,209577255.0,78550808.0,27529878.0,27529878.0,,13170096.0
101,2012,263547713.0,664957871.0,438547613.0,438077006.0,470608.0,55327950.842731
102,2012,201717508.0,126655171.0,192599269.0,192239069.0,360200.0,57282571.865
262,2012,69449805910.0,30307734632.0,14846051609.0,14799771344.0,46280266.0,3513061652.70773
21,2012,5563558746.0,766911151.0,346973333.0,344014253.0,2959081.0,233649637.0
22,2012,11770274971.0,1951068717.0,900140200.0,893879963.0,6260237.0,2147581510.0
23,2012,9119946416.0,2244292672.0,1720604590.0,1715753979.0,4850611.0,2002720546.0
25,2012,46146862880.0,8976934639.0,5045519559.0,5020467127.0,25052432.0,2420629510.0
26,2012,5939634513.0,2229587991.0,2761670371.0,2758511267.0,3159103.0,1495809033.0
27,2012,303558642.0,284858418.0,337852994.0,337715100.0,137894.0,126286463.0
139,2012,952843728.0,197109651.0,103884086.0,103884086.0,,42200330.0
263,2012,79796679896.0,16712568454.0,11216645133.0,11174225775.0,42419357.0,8468877028.999999
31,2012,631286455.0,66495595.0,95398328.0,95350354.0,47975.0,181788096.0
32,2012,6110064496.0,1656732110.0,2306203681.0,2305739345.0,464335.0,2353700254.0
264,2012,6741350951.0,1731485915.0,2401602009.0,2401089699.0,512310.0,2535488350.0
41,2012,70970777.0,774045694.0,840358984.0,840358984.0,,500018281.0
123,2012,1100908.0,20475203.0,11569930.0,11569930.0,,18953781.37
42,2012,230521640.0,185789917.0,138301818.0,138301818.0,,341023662.0
43,2012,243307816.0,305491623.0,281152111.0,281152111.0,,673444154.0
44,2012,100421982.0,320644600.0,376769966.0,376769966.0,,242752200.0
265,2012,646323123.0,1609696132.0,1648152809.0,1648152809.0,,1776192078.37
136,2012,190249613.0,127855362.0,152768854.0,152431601.0,337253.0,35777947.248795
85,2012,440452245.0,,,,,144762729.0
86,2012,56951576.0,,39585523.0,39585523.0,,24919141.0
51,2012,227054884.0,662806445.0,601868964.0,601812814.0,56150.0,
52,2012,702552.0,5926666.0,3603916.0,3603742.0,174.0,
54,2012,30115142.0,108509675.0,96968545.0,96961098.0,7447.0,
55,2012,2415040.0,39477066.0,30226123.0,30225526.0,597.0,
58,2012,2017035241.0,696702653.0,547851664.0,547352859.0,498805.0,
109,2012,0.0,30011741.0,22644479.0,22644479.0,,
73,2012,108841460.0,166260913.0,110473570.0,107623944.0,2849626.0,
266,2012,2386164319.0,,,,,
131,2012,39823055.0,801560870.0,467226544.0,460598339.0,6628205.0,40971347.0
141,2012,411423642.0,875653893.0,766718621.0,766718621.0,,139396168.0
132,2012,824201977.0,5939725959.0,4545341193.0,4494756905.0,50584288.0,1693667297.0
255,2012,984202117.0,1456216417.0,1105766568.0,1105757145.0,9423.0,1881748896.0
256,2012,273351770.0,1847237345.0,1225131286.0,1217353600.0,7777687.0,314369561.699953
3,2013,21448767244.0,10126157722.0,5905238271.0,5876844851.0,28393420.0,665686472.0
4,2013,1049160543.0,350788341.0,291436107.0,290047258.0,1388849.0,6698630.0
5,2013,22497927787.0,10476946063.0,6196674379.0,6166892110.0,29782269.0,672385102.0
8,2013,38724900764.0,14317473787.0,4604618460.0,4595749933.0,8868528.0,2115052371.0
9,2013,2419290077.0,586936085.0,195387597.0,194836584.0,551013.0,19750444.0
10,2013,41144190841.0,14904409872.0,4800006058.0,4790586517.0,9419541.0,2134802815.0
14,2013,1894431962.0,2513392697.0,1685662265.0,1683840092.0,1822173.0,386489748.0
19,2013,247186732.0,578737212.0,583502869.0,583468751.0,34118.0,77204462.0
127,2013,213528996.0,77482321.0,22835851.0,22835851.0,,0.0
101,2013,231474951.0,457641235.0,321531666.0,321047664.0,484002.0,30375576.659342
102,2013,225756733.0,149500375.0,227964460.0,227492414.0,472046.0,64077668.8
262,2013,66454498002.0,29294263943.0,13838177548.0,13796163398.0,42014149.0,3365335372.459342
21,2013,5711634513.0,805189444.0,341410956.0,339718521.0,1692435.0,252744038.0
22,2013,11337794242.0,1929849516.0,842701138.0,839341594.0,3359544.0,2050963085.0
23,2013,9507627108.0,2372735289.0,1778661312.0,1775844072.0,2817240.0,2026805573.0
25,2013,46754273578.0,9261274934.0,4902887443.0,4888726396.0,14161048.0,2456122706.0
26,2013,5568019413.0,2134129107.0,2514245821.0,2512595941.0,1649880.0,1398221753.0
27,2013,71966232.0,70314632.0,109644697.0,109629830.0,14867.0,22956141.0
139,2013,1036465402.0,217043939.0,93118798.0,93118798.0,,0.0
24,2013,974774141.0,138417928.0,38458075.0,38256706.0,201369.0,123640020.0
263,2013,80962554629.0,16985204553.0,10621128240.0,10597231858.0,23896382.0,8331453316.000001
31,2013,603253982.0,65380442.0,86970060.0,86915928.0,54132.0,176249514.0
32,2013,5755719484.0,1586133105.0,2092052299.0,2091535818.0,516480.0,2246057693.0
264,2013,6358973466.0,1658163879.0,2179022359.0,2178451747.0,570612.0,2422307207.0
41,2013,28675233.0,317642411.0,330644260.0,330588539.0,55721.0,196144681.0
45,2013,879067.0,21481384.0,10303520.0,10303520.0,,59362783.0
123,2013,828934.0,16520256.0,10756146.0,10756146.0,,13993764.38
42,2013,229611081.0,184768142.0,130417997.0,129971824.0,446173.0,350762135.0
43,2013,216386455.0,274587548.0,263130091.0,262709616.0,420475.0,568755952.0
44,2013,94523857.0,316437448.0,372401924.0,372218249.0,183676.0,229399165.0
265,2013,570904627.0,1134330933.0,1117653938.0,1116547894.0,1106044.0,1418418480.38
136,2013,162218634.0,133154006.0,148011475.0,147672536.0,338939.0,37522925.335201
85,2013,630936792.0,,,,,150147266.0
86,2013,54577309.0,,38462435.0,38462435.0,,23037844.0
51,2013,233944694.0,714989489.0,535194078.0,534918170.0,275908.0,
52,2013,486412.0,4431648.0,3700909.0,3700335.0,574.0,
54,2013,28079600.0,108436587.0,75780380.0,75747264.0,33116.0,
55,2013,2238483.0,35464857.0,27982154.0,27979514.0,2640.0,
58,2013,2545871816.0,514790310.0,242626345.0,239623812.0,3002533.0,
109,2013,23942720.0,36082644.0,18374567.0,18374567.0,,
73,2013,102506936.0,156128020.0,103265927.0,101088708.0,2177219.0,
266,2013,2937070661.0,,,,,
131,2013,39116172.0,794089592.0,419666810.0,404271412.0,15395398.0,38233143.0
141,2013,544333961.0,1191738939.0,1001675488.0,1000617757.0,1057731.0,185475775.0
132,2013,871365662.0,6374319878.0,4861058192.0,4798459038.0,62599154.0,1815870114.0
255,2013,1370835509.0,2469350800.0,1984613020.0,1984564066.0,48954.0,2411601470.0
256,2013,282130596.0,2222880976.0,1271027506.0,1261980554.0,9046952.0,319416852.590309
3,2014,20599373684.0,10128810167.0,5710345075.0,5682232932.0,28112143.0,631655739.0
4,2014,924941354.0,319122563.0,266490919.0,265228644.0,1262275.0,5910896.0
5,2014,21524315038.0,10447932730.0,5976835994.0,5947461576.0,29374418.0,637566635.0
8,2014,37995002961.0,14630289951.0,4560033697.0,4553467281.0,6566416.0,2143083168.0
9,2014,2198318071.0,558756688.0,184189493.0,183810600.0,378893.0,17946389.0
10,2014,40193321032.0,15189046639.0,4744223190.0,4737277881.0,6945309.0,2161029557.0
14,2014,1782673495.0,2491587140.0,1566096880.0,1564377881.0,1719000.0,366375725.0
19,2014,233115343.0,590870737.0,542758946.0,542738267.0,20679.0,71315962.0
127,2014,103014231.0,39074270.0,12638178.0,12638178.0,,0.0
101,2014,215536038.0,307870658.0,188415124.0,188009126.0,405999.0,13239451.371235
102,2014,242237939.0,174508112.0,249311486.0,248855190.0,456296.0,70665730.144444
262,2014,64294213116.0,29408144874.0,13280279798.0,13241358097.0,38921701.0,3320193060.51568
21,2014,5970133065.0,879736988.0,369705850.0,368931080.0,774770.0,248105202.0
22,2014,11278633131.0,2005555660.0,881091238.0,879625860.0,1465378.0,2040307539.0
23,2014,8980116183.0,2364039795.0,1685677065.0,1684505770.0,1171295.0,1961126385.0
25,2014,47571876132.0,9817517794.0,4895394972.0,4889156498.0,6238474.0,2446219417.0
26,2014,5054394637.0,2037354494.0,2497007981.0,2496351043.0,656938.0,1292884601.0
27,2014,65845949.0,67966582.0,102539182.0,102536145.0,3037.0,23062029.0
139,2014,566250828.0,118414055.0,63297687.0,63297687.0,,0.0
24,2014,890148175.0,148999953.0,39302068.0,39261008.0,41060.0,112906092.0
263,2014,80377398100.0,17496670696.0,10534016044.0,10523665091.0,10350953.0,8124611265.0
31,2014,586130341.0,66606500.0,85689360.0,85640333.0,49028.0,171805358.0
32,2014,5458584188.0,1552222569.0,2048482977.0,2048026384.0,456593.0,2103171584.0
264,2014,6044714529.0,1625340235.0,2134172337.0,2133666717.0,505620.0,2274976942.0
45,2014,1289894.0,33106814.0,16379641.0,16379641.0,,87001507.0
123,2014,905725.0,18075624.0,12860419.0,12860419.0,,14128420.17
42,2014,249745014.0,201907028.0,134279322.0,133953536.0,325787.0,392470549.0
43,2014,211976699.0,272314097.0,251150845.0,250874326.0,276519.0,523593756.0
44,2014,86304499.0,307788493.0,328095460.0,327982878.0,112582.0,210208731.0
265,2014,550221831.0,835864105.0,742765687.0,742050800.0,714888.0,1227402963.17
136,2014,158534755.0,164245432.0,143060955.0,142710800.0,350156.0,48448057.665987
85,2014,454257974.0,,,,,113679215.0
86,2014,47386127.0,,39504377.0,39504377.0,,21481626.0
51,2014,212518553.0,687317197.0,542238347.0,542229844.0,8503.0,
52,2014,363771.0,3597863.0,2673242.0,2673227.0,15.0,
54,2014,19632879.0,91612631.0,63451492.0,63450707.0,785.0,
55,2014,2185660.0,34933311.0,28625099.0,28625012.0,87.0,
58,2014,3114870915.0,525229762.0,259634880.0,259510257.0,124623.0,
109,2014,26720721.0,41099345.0,12773877.0,12773877.0,,
73,2014,96962545.0,165260986.0,99651163.0,97275910.0,2375253.0,
266,2014,3473255044.0,2060093636.0,1331240903.0,1324522245.0,6870500.0,
131,2014,36230538.0,759843414.0,365505465.0,360666165.0,4839300.0,37073345.0
141,2014,634615250.0,1461841635.0,1154758494.0,1153930653.0,827841.0,219823762.0
132,2014,920083158.0,6883897939.0,5234390061.0,5131947908.0,102442153.0,1989049145.0
255,2014,1575595774.0,3160337051.0,2472028588.0,2471981596.0,46992.0,2987926661.0
256,2014,281480419.0,2318979294.0,1384701123.0,1373866497.0,10834626.0,313275837.017546
3,2015,19737174057.0,9958137528.0,5304197478.0,5282791466.0,21406012.0,602259114.0
4,2015,838953685.0,296549208.0,210257519.0,209347630.0,909889.0,5358105.0
5,2015,20576127742.0,10254686736.0,5514454997.0,5492139096.0,22315901.0,607617219.0
8,2015,38004706624.0,14981115192.0,4702972049.0,4697009672.0,5962377.0,2193023839.0
9,2015,2169536984.0,569485641.0,173391031.0,173050662.0,340368.0,17714730.0
10,2015,40174243608.0,15550600833.0,4876363079.0,4870060334.0,6302745.0,2210738569.0
14,2015,1668897454.0,2357692767.0,1559381467.0,1558138716.0,1242751.0,339480480.0
19,2015,200099524.0,544684491.0,486325799.0,486311116.0,14683.0,61725308.0
127,2015,0.0,,,,,0.0
101,2015,212184026.0,314797229.0,169418009.0,169025083.0,392925.0,13260443.52386
102,2015,318284529.0,250676825.0,348601250.0,348011847.0,589404.0,99609846.24
262,2015,63149836883.0,29420792484.0,12954544600.0,12923686192.0,30858409.0,3332431865.76386
21,2015,6478281135.0,991348982.0,453729563.0,452925733.0,803830.0,263617628.0
22,2015,11232312962.0,2037022233.0,1175671949.0,1174272726.0,1399223.0,2032941946.0
23,2015,8291047830.0,2236805028.0,1706626312.0,1705576409.0,1049903.0,1828308508.0
25,2015,47720675229.0,10022981687.0,4930232640.0,4924311420.0,5921220.0,2397006951.0
26,2015,5248504828.0,2106185410.0,2627914611.0,2627261923.0,652688.0,1347178278.0
27,2015,60420263.0,65093448.0,89402483.0,89400032.0,2451.0,22646390.0
139,2015,226464345.0,53391496.0,45718770.0,45718770.0,,0.0
24,2015,832565997.0,148385386.0,51542191.0,51508412.0,33779.0,105602388.0
263,2015,80090272589.0,17711220094.0,11080838518.0,11070975425.0,9863093.0,7997302089.0
31,2015,570817290.0,66014812.0,88626924.0,88579256.0,47668.0,163940689.0
32,2015,5267357638.0,1515353664.0,2012450279.0,2012010409.0,439871.0,2003821270.0
264,2015,5838174928.0,1589220319.0,2101077203.0,2100589664.0,487539.0,2167761959.0
45,2015,1282023.0,33761808.0,19147372.0,19147372.0,,86473769.0
42,2015,260492159.0,212355572.0,151082172.0,151011885.0,70288.0,411427541.0
43,2015,227911450.0,283462427.0,238769508.0,238708012.0,61497.0,553967264.0
44,2015,74890440.0,273736146.0,359082639.0,359062431.0,20207.0,183322727.0
265,2015,564576072.0,806076824.0,768081692.0,767929700.0,151992.0,1235191301.0
136,2015,155407543.0,176641631.0,153582809.0,153241509.0,341300.0,56564851.99
85,2015,354627684.0,,,,,112725503.0
86,2015,45134575.0,,41293509.0,41293509.0,,18315492.0
51,2015,196722941.0,659186199.0,485361326.0,485361234.0,92.0,
52,2015,319455.0,3115822.0,3026231.0,3026231.0,,
54,2015,22748342.0,89115582.0,50264928.0,50264917.0,11.0,
55,2015,2446383.0,37892098.0,27146078.0,27146077.0,1.0,
58,2015,3737824602.0,492828703.0,222432910.0,222431166.0,1744.0,
109,2015,30724465.0,43411060.0,13696508.0,13696508.0,,
73,2015,92776494.0,160745131.0,105107920.0,102503680.0,2604240.0,
266,2015,4083562682.0,1946742016.0,1183523555.0,1176515806.0,7007749.0,
131,2015,35705039.0,779067402.0,364455668.0,361587600.0,2868068.0,38420983.0
141,2015,708423285.0,1689111832.0,1368754854.0,1368563702.0,191151.0,248778504.0
132,2015,992189563.0,7276238807.0,5765951464.0,5653989244.0,111962221.0,2227770705.0
255,2015,1968760725.0,3925117230.0,2782680420.0,2782671646.0,8774.0,3936574991.0
256,2015,253858305.0,1976761643.0,1212268907.0,1203398707.0,8870200.0,293329641.748233
3,2016,18910477231.0,9458402042.0,5321699786.0,5300991488.0,20708298.0,577042493.0
4,2016,795243793.0,282149777.0,232080402.0,231209554.0,870848.0,5077723.0
5,2016,19705721024.0,9740551819.0,5553780188.0,5532201042.0,21579146.0,582120216.0
8,2016,37745771120.0,14839780651.0,4404127088.0,4399334699.0,4792389.0,2141253804.0
9,2016,2197373727.0,576736623.0,172761176.0,172482186.0,278990.0,17946830.0
10,2016,39943144847.0,15416517274.0,4576888264.0,4571816885.0,5071379.0,2159200634.0
14,2016,1570218659.0,2201933173.0,1530757912.0,1529628145.0,1129767.0,315935902.0
19,2016,253944932.0,711050959.0,587982981.0,587972551.0,10430.0,76530604.0
127,2016,0.0,,,,,0.0
101,2016,171873072.0,261570544.0,154717464.0,154432680.0,284784.0,10732988.342221
102,2016,391765335.0,266419691.0,408182760.0,407584354.0,598406.0,104110684.61
262,2016,62036667869.0,28734832144.0,12812309568.0,12783635657.0,28673911.0,3248631028.952222
21,2016,6991879686.0,1075265192.0,492366651.0,491035070.0,1331581.0,256572442.0
22,2016,11047258692.0,2004275536.0,1190110981.0,1187996845.0,2114136.0,2058052590.0
23,2016,6642331035.0,1792864650.0,1303658527.0,1302366715.0,1291812.0,1491800505.0
25,2016,48858796836.0,10134360709.0,5023146225.0,5013841224.0,9305001.0,2451814180.0
26,2016,6306793996.0,2367716688.0,2969662301.0,2968454819.0,1207482.0,1599549541.0
27,2016,44766854.0,53126060.0,83272479.0,83267798.0,4681.0,17163102.0
139,2016,227868254.0,53784424.0,49174874.0,49174874.0,,0.0
24,2016,810237950.0,145650401.0,54055048.0,53970333.0,84715.0,102770306.0
263,2016,80929933303.0,17675066176.0,11165447085.0,11150107677.0,15339408.0,7977722666.0
31,2016,534172006.0,60977189.0,87018070.0,86972189.0,45881.0,149902963.0
32,2016,5052010196.0,1437838015.0,1950200809.0,1949766884.0,433924.0,1907762224.0
264,2016,5586182202.0,1506713112.0,2037218879.0,2036739073.0,479805.0,2057665187.0
45,2016,1282022.0,33522654.0,19714027.0,19714027.0,,86407196.0
42,2016,264935407.0,208584601.0,130558119.0,130303434.0,254685.0,424949015.0
43,2016,249956559.0,288673551.0,276853286.0,276613000.0,240286.0,571730547.0
44,2016,74998599.0,266382383.0,354337144.0,354265047.0,72097.0,179996207.0
265,2016,591172587.0,799387481.0,781462576.0,780895509.0,567067.0,1263082965.0
136,2016,213594591.0,323772240.0,200259028.0,199854386.0,404642.0,101826126.96
85,2016,421035002.0,,,,,117327333.0
86,2016,45315994.0,,37067856.0,37067856.0,,18539299.0
51,2016,197771242.0,670496624.0,521116100.0,521108850.0,7250.0,
52,2016,201543.0,2029090.0,4940818.0,4940811.0,7.0,
54,2016,15347291.0,76945579.0,42845067.0,42844504.0,563.0,
55,2016,2012696.0,31636956.0,16251212.0,16251138.0,74.0,
58,2016,4504658540.0,447461375.0,206810223.0,206645090.0,165133.0,
109,2016,28903344.0,43339010.0,43703962.0,43703962.0,,
73,2016,90289174.0,156370690.0,116707370.0,114023249.0,2684121.0,
266,2016,4839183830.0,1853682881.0,1227649557.0,1217582190.0,10067367.0,
131,2016,33042962.0,809412978.0,356733040.0,353469701.0,3263339.0,35275114.0
141,2016,776203345.0,2075728899.0,1468551833.0,1467805662.0,746172.0,300216575.0
132,2016,1004246495.0,7784880835.0,6127925526.0,6072699638.0,55225888.0,2321005631.0
255,2016,2457488271.0,5191579900.0,3055287459.0,3037701703.0,17585756.0,5329477474.000001
256,2016,228446755.0,1800729633.0,1062214754.0,1047510647.0,14704106.0,272094405.548214
3,2017,17832263593.0,8728692751.0,5318073637.0,5111921392.0,,533991871.0
4,2017,670951733.0,234090838.0,213968341.0,212074778.0,,4298543.0
5,2017,18503215326.0,8962783589.0,5532041978.0,5323996170.0,,538290414.0
8,2017,36670181278.0,14002183859.0,4405056404.0,4327867242.0,,2019372211.0
9,2017,2125272788.0,547549208.0,159731741.0,158802136.0,,17357672.0
10,2017,38795454066.0,14549733067.0,4564788145.0,4486669378.0,,2036729883.0
14,2017,1448266147.0,1987133446.0,1532899796.0,1528407594.0,,288247343.0
19,2017,190930501.0,546640129.0,478678022.0,477761591.0,,59928365.0
101,2017,152094109.0,231101904.0,139309650.0,139054303.0,,9952907.39518
102,2017,400546623.0,292905470.0,462895307.0,462275256.0,,111941390.99
262,2017,59490506772.0,26707901265.0,12710612898.0,12418164292.0,,3045090303.385179
21,2017,7093856317.0,1089165591.0,514912871.0,509986031.0,,241205476.0
22,2017,11231484241.0,1978998669.0,1259829961.0,1237134491.0,,2096499206.0
23,2017,7133003900.0,1859056144.0,1497622933.0,1489313638.0,,1564406912.0
25,2017,46973209011.0,9574161548.0,4912151684.0,4789025278.0,,2338927040.0
26,2017,4944063469.0,1900065714.0,2569410272.0,2559502755.0,,1239916506.0
27,2017,40581670.0,45678237.0,72765394.0,72749658.0,,14288603.0
135,2017,195484428.0,46927649.0,40998059.0,40994944.0,,
24,2017,758159722.0,133955215.0,50009213.0,49790864.0,,96164721.0
263,2017,78369842758.0,16671819429.0,10917700388.0,10748497659.0,,7591408464.0
31,2017,516432124.0,56866497.0,84666959.0,84590357.0,,141189377.0
32,2017,4784313241.0,1306062971.0,1898130801.0,1892434821.0,,1780782832.0
264,2017,5300745365.0,1374738835.0,1982797760.0,1977025178.0,,1921972209.0
45,2017,1305553.0,33694227.0,17425861.0,17425861.0,,87973567.0
42,2017,264492570.0,200291620.0,132554686.0,132199636.0,,429995282.0
43,2017,277593719.0,297160144.0,270268737.0,269617624.0,,614645795.0
44,2017,76496606.0,266766242.0,352713590.0,351847658.0,,181645707.0
265,2017,619888448.0,801131274.0,772962873.0,771090779.0,,1314260351.0
136,2017,243089813.0,414331557.0,278264610.0,277804076.0,,124626131.45
85,2017,318896649.0,,,,,104486700.0
86,2017,44232956.0,,40264823.0,40260786.0,,19689812.0
51,2017,199301558.0,666789699.0,558699342.0,549888717.0,,
52,2017,394639.0,4170554.0,2621079.0,2621011.0,,
54,2017,14758605.0,74466527.0,46919388.0,46826734.0,,
55,2017,1982564.0,30382151.0,21869481.0,21866355.0,,
58,2017,5129697760.0,433912927.0,218882355.0,216724886.0,,
109,2017,26032195.0,35283702.0,40936300.0,40936300.0,,
73,2017,86834687.0,152023478.0,156390531.0,152891833.0,,
266,2017,5459002008.0,1818438076.0,1323371951.0,1301593857.0,,
131,2017,29762651.0,765969009.0,329435230.0,325018539.0,,33779434.0
141,2017,959629308.0,2786806837.0,1933330547.0,1928694407.0,,392825225.0
132,2017,1022958806.0,8340268676.0,6271817337.0,6176552313.0,,2498840829.0
255,2017,2883813770.0,6194149310.0,3522124716.0,3465657040.0,,6648218843.168459
256,2017,207266058.0,1749387252.0,1052575962.0,1025198403.0,,268735798.65854
3,2018,16830360173.0,8400677371.0,5217057503.0,5022257938.0,,499483230.0
4,2018,630116630.0,224633986.0,183551166.0,181881598.0,,4042249.0
5,2018,17460476803.0,8625311357.0,5418504564.0,5204139535.0,,503525479.0
8,2018,35795689928.0,13775589509.0,4456271011.0,4381330780.0,,1959945999.0
9,2018,2075510329.0,540062264.0,170631876.0,169586148.0,,16956399.0
10,2018,37871200257.0,14315651773.0,4633938371.0,4550916928.0,,1976902398.0
14,2018,1381864067.0,1909874115.0,1554173525.0,1549678133.0,,269416998.0
101,2018,132032108.0,198139553.0,139495888.0,139250576.0,,8527028.688522
102,2018,444226300.0,422872901.0,504349535.0,503584943.0,,141791962.83
262,2018,57289799535.0,25596853735.0,12481712512.0,11947570115.0,,2900163866.518522
21,2018,7265225142.0,1153580223.0,559973875.0,553855476.0,,244092527.0
22,2018,11592369269.0,2027952093.0,1399702760.0,1372615557.0,,2144510086.0
23,2018,7034112639.0,1847737382.0,1703154223.0,1691985016.0,,1528022026.0
25,2018,46517166962.0,9656355538.0,4962860823.0,4836688681.0,,2293497479.0
26,2018,4078767616.0,1649375724.0,2402761124.0,2395323959.0,,1046116773.0
27,2018,34649637.0,42242853.0,73430094.0,73412341.0,,12930841.0
135,2018,68444535.0,14186697.0,13629144.0,13628665.0,,
24,2018,712620868.0,126628232.0,47451350.0,47207891.0,,90388588.0
263,2018,77303356668.0,16554466654.0,11624031826.0,10984717587.0,,7359558320.0
31,2018,510333604.0,55923337.0,83296392.0,83216936.0,,134324862.0
32,2018,4482995667.0,1214408186.0,1806347131.0,1800815122.0,,1609962890.0
264,2018,4993329271.0,1276700430.0,1890228738.0,1884032058.0,,1744287752.0
45,2018,1257684.0,32909513.0,18720162.0,18720162.0,,84644031.0
42,2018,265404323.0,197673177.0,133028843.0,131610404.0,,439122341.0
43,2018,294799626.0,318253600.0,292401860.0,290503606.0,,637854547.0
44,2018,78963652.0,276315895.0,360415444.0,359116921.0,,179886434.0
265,2018,640425285.0,827906693.0,805490848.0,799951094.0,,1341507353.0
85,2018,290423046.0,,,,,113123144.0
86,2018,42114520.0,,34079116.0,34077265.0,,14826426.0
136,2018,178219705.0,419577786.0,258084261.0,257692362.0,,102920583.36
51,2018,178689322.0,613642014.0,529953572.0,521766375.0,,
52,2018,359776.0,3973813.0,2864904.0,2864748.0,,
54,2018,17618863.0,79139587.0,48467139.0,48452403.0,,
55,2018,1831596.0,29137084.0,18130369.0,18128512.0,,
58,2018,5506624478.0,401654490.0,229704893.0,227454456.0,,
109,2018,25517952.0,47077210.0,40989146.0,40989146.0,,
73,2018,83389891.0,158539871.0,146672370.0,143048784.0,,
266,2018,5814031878.0,1758567691.0,1342895151.0,1302616461.0,,
131,2018,28211020.0,751368028.0,314842839.0,308864820.0,,30287466.0
141,2018,1274600272.0,3870555057.0,2692313229.0,2674861626.0,,491352120.0
132,2018,1074469798.0,9103194110.0,6983457082.0,6820617360.0,,2698953850.0
255,2018,3099460868.0,6911667938.0,3725297412.0,3655855576.0,,7512701188.0
256,2018,186524169.0,1542966492.0,1024584122.0,995111513.0,,252248842.95884
3,2019,15953934124.0,8284782980.0,5272692042.0,5095168229.0,,467046617.0
4,2019,563453161.0,203989459.0,186717584.0,185725854.0,,3617815.0
5,2019,16517387285.0,8488772439.0,5477495096.0,5280894083.0,,470664432.0
8,2019,35207141695.0,13689503503.0,4678105178.0,4608229869.0,,2032375862.0
9,2019,1923399347.0,502517829.0,173313052.0,172735057.0,,15712795.0
10,2019,37130541042.0,14192021332.0,4858557323.0,4780964927.0,,2048088657.0
14,2019,1295348210.0,1648854159.0,1515960614.0,1512902346.0,,261491775.0
101,2019,126051550.0,184406108.0,126598427.0,126097128.0,,7766339.84
102,2019,560456692.0,598242301.0,762198565.0,759969661.0,,235896907.84
262,2019,55629784779.0,25216928144.0,12978411416.0,12460828144.0,,3023908111.68
21,2019,7253646830.0,1195696556.0,585723231.0,580063786.0,,292005581.0
22,2019,11606927581.0,2065767859.0,1498703134.0,1471011116.0,,2034703542.0
23,2019,6358867133.0,1668959522.0,1673265828.0,1663159708.0,,1304413949.0
25,2019,45966176105.0,9713346199.0,5124154398.0,4996272602.0,,2242029882.0
26,2019,3818182160.0,1560533001.0,2306583185.0,2300375369.0,,961508552.0
27,2019,36861418.0,48292559.0,84911737.0,84894802.0,,14851938.0
24,2019,649385917.0,119484869.0,46159571.0,45948293.0,,82367890.0
263,2019,75690047144.0,16407116594.0,11797942146.0,11141725675.0,,6931881334.0
31,2019,499312970.0,55511867.0,96273620.0,96238549.0,,127964363.0
32,2019,4135305166.0,1132246208.0,1768644769.0,1763949987.0,,1444298153.0
264,2019,4634618136.0,1194076938.0,1865530120.0,1860188535.0,,1572262516.0
45,2019,1273738.0,31731436.0,20360637.0,20360637.0,,85757608.0
42,2019,254367802.0,190486903.0,132857181.0,131686379.0,,428698109.0
43,2019,285932632.0,314168075.0,296679144.0,295141840.0,,590903891.0
44,2019,80121834.0,283892358.0,397041631.0,395717342.0,,174194979.0
265,2019,621696006.0,821420094.0,847769983.0,842906197.0,,1279554587.0
85,2019,284578500.0,,,,,101411959.0
86,2019,34108889.0,,39845587.0,39843224.0,,12356522.0
136,2019,2609766.0,244874616.0,37943717.0,37881559.0,,2451277.76
51,2019,186950339.0,653630479.0,478432624.0,471524007.0,,
52,2019,367916.0,4206006.0,2514390.0,2514351.0,,
54,2019,14347935.0,77675783.0,41460903.0,41441930.0,,
55,2019,1446939.0,24199272.0,16767550.0,16765468.0,,
58,2019,5584055441.0,389692180.0,247261298.0,244340574.0,,
142,2019,1389177.0,3303471.0,3195197.0,3195197.0,,
109,2019,29698662.0,59058982.0,58514060.0,58514060.0,,
73,2019,81267504.0,162934910.0,154512040.0,150397631.0,,
266,2019,5899523913.0,1810535893.0,1322653528.0,1282579780.0,,
131,2019,26163102.0,716187383.0,300551017.0,295854364.0,,28225281.0
141,2019,1398203591.0,4466212048.0,3013875469.0,2985182099.0,,532379218.0
132,2019,1085276921.0,9463723861.0,7044911107.0,6867434660.0,,2854403675.0
255,2019,2997115948.0,7270789971.0,3845618739.0,3774057778.0,,7983301376.971757
256,2019,165692170.0,,,,,231649445.746716
3,2020,14695763103.0,7957480728.0,4825954607.0,4648911760.0,,432423002.0
4,2020,486288009.0,177490722.0,178886873.0,176757771.0,,3125250.0
5,2020,15182051112.0,8134971450.0,5022095830.0,4825669531.0,,435548252.0
8,2020,34166801525.0,13452900205.0,4781006235.0,4686781499.0,,1948871618.0
9,2020,2079692138.0,546209020.0,204636174.0,203790681.0,,16994980.0
10,2020,36246493663.0,13999109225.0,4996051544.0,4890572181.0,,1965866598.0
14,2020,1204654437.0,1544706341.0,1544558747.0,1541269160.0,,243145650.0
101,2020,96830542.0,144529893.0,111792502.0,111413833.0,,6055433.9
102,2020,219157985.0,223171168.0,254519621.0,253662575.0,,81902979.49022
262,2020,52949187739.0,24151672642.0,12189497639.0,11622587279.0,,2732518913.39022
21,2020,6532835209.0,1100342659.0,584878471.0,576175119.0,,250998556.0
22,2020,10426612724.0,1861931729.0,1436979507.0,1412165830.0,,1682977743.0
23,2020,5047509099.0,1338237138.0,1394130919.0,1384819700.0,,1036723171.0
25,2020,38407623065.0,8139146390.0,4759463876.0,4616225915.0,,1876935988.0
26,2020,3199130411.0,1342288931.0,2123754138.0,2116298812.0,,800491098.0
27,2020,36714880.0,49705223.0,65009411.0,64972850.0,,14708626.0
24,2020,529699166.0,98719466.0,38394170.0,37961456.0,,67186862.0
263,2020,64180124554.0,13959158452.0,10783180555.0,10208619682.0,,5730022044.000001
31,2020,469362640.0,50372359.0,99764287.0,99732830.0,,107072830.0
32,2020,3536716373.0,968523444.0,1698155580.0,1693971028.0,,1176309103.0
264,2020,4006079013.0,1023837593.0,1798436839.0,1793703857.0,,1283381933.0
45,2020,1264377.0,32199210.0,21811057.0,21811057.0,,85149174.0
42,2020,211203914.0,161042165.0,128282547.0,127231072.0,,372924724.0
43,2020,260591474.0,288786660.0,307861818.0,306309102.0,,499281749.0
44,2020,97801436.0,349284192.0,440575356.0,439096795.0,,202080009.0
265,2020,570861201.0,832289084.0,899399715.0,894448025.0,,1159435656.0
85,2020,321763202.0,,,,,109243316.0
86,2020,25185948.0,,34753554.0,34752323.0,,9960053.0
136,2020,848784.0,139809903.0,23524038.0,23482379.0,,896695.67
51,2020,168010627.0,598064370.0,485171950.0,478744714.0,,
52,2020,292199.0,3462167.0,2973920.0,2973828.0,,
54,2020,16824937.0,92743167.0,32207161.0,32199233.0,,
55,2020,1152360.0,20584161.0,14481636.0,14480821.0,,
58,2020,1715373898.0,374475938.0,268229777.0,264998611.0,,
142,2020,2102768.0,4993490.0,5187363.0,5187363.0,,
109,2020,8932060.0,22563628.0,23668699.0,23668699.0,,
73,2020,77069138.0,153274338.0,156947117.0,152843559.0,,
266,2020,1989757987.0,1712867484.0,1191637014.0,1151886950.0,,
131,2020,24106340.0,696690253.0,280323716.0,277428362.0,,28810800.0
141,2020,1848139983.0,6227507535.0,3907274458.0,3876017253.0,,696425324.0
132,2020,1261551208.0,11528768710.0,8283888057.0,8107461779.0,,3349316297.0
255,2020,3584008729.0,9195001856.0,4692607230.0,4572848232.0,,10572517041.0
256,2020,412299241.0,,,,,346123416.200255
3,2021,13484286832.0,7413046069.0,4959896056.0,4791803432.0,,401182149.0
4,2021,436372059.0,164183585.0,151502896.0,150577960.0,,2809870.0
5,2021,13920658891.0,7577229654.0,5127360015.0,4942381392.0,,403992019.0
8,2021,33344344610.0,13475924057.0,4812117559.0,4721019394.0,,1897005311.0
9,2021,2277582316.0,622470726.0,225728570.0,224876147.0,,18623477.0
10,2021,35621926926.0,14098394783.0,5049408866.0,4945895540.0,,1915628788.0
14,2021,1176289720.0,1540435452.0,1560308750.0,1556747169.0,,233126780.0
101,2021,104602500.0,167125596.0,109434311.0,109434311.0,,6804940.5
102,2021,81650470.0,60220733.0,49321591.0,49321591.0,,7882323.48
262,2021,50905128507.0,23526084169.0,12146446412.0,11603780003.0,,2567434850.98
21,2021,6531621360.0,1126334899.0,618794174.0,612506153.0,,236972417.0
22,2021,9994302799.0,1786765068.0,1427393009.0,1407749003.0,,1539013074.0
23,2021,5041577231.0,1362359695.0,1441598926.0,1434620165.0,,1014260473.0
25,2021,41221741215.0,8970815480.0,5143469097.0,4997077429.0,,1992357732.0
26,2021,2869265133.0,1239518315.0,2057825429.0,2052302378.0,,708564515.0
27,2021,36216195.0,55409457.0,75783620.0,75765139.0,,14350118.0
24,2021,541716126.0,104181475.0,42040922.0,41840734.0,,68711090.0
263,2021,66236440059.0,14644936012.0,11219908821.0,10621861001.0,,5574229418.999999
31,2021,447172286.0,48123061.0,108058916.0,108028703.0,,98099494.0
32,2021,3231852541.0,891049629.0,1661410013.0,1657906458.0,,1061692695.0
264,2021,3679024827.0,942284441.0,1769934284.0,1765935161.0,,1159792189.0
45,2021,1335863.0,34868281.0,26873762.0,26873762.0,,90000152.0
42,2021,181487185.0,139684364.0,119442372.0,118580300.0,,329221349.0
43,2021,227241668.0,259335275.0,274817391.0,273594987.0,,425932656.0
44,2021,107259661.0,399642320.0,474100601.0,472565469.0,,222954366.0
265,2021,517324377.0,834753854.0,895944963.0,891614518.0,,1068108523.0
85,2021,281853862.0,,,,,97627292.0
86,2021,19909077.0,,29528215.0,29527299.0,,8737144.0
51,2021,156411803.0,569045898.0,491731623.0,484249417.0,,
52,2021,268247.0,3475727.0,2392261.0,2392116.0,,
54,2021,17396613.0,105255510.0,27462200.0,27449004.0,,
55,2021,1187172.0,22285757.0,17205367.0,17203942.0,,
58,2021,151314371.0,383789551.0,271694402.0,268520141.0,,
142,2021,941643.0,2328277.0,2627094.0,2627094.0,,
109,2021,944562.0,9152768.0,7094758.0,7094758.0,,
73,2021,71483072.0,147252684.0,166429436.0,161761630.0,,
266,2021,399947483.0,1685847886.0,1195907779.0,1152873579.0,,
131,2021,28722113.0,819970591.0,311662364.0,307881395.0,,33769890.0
141,2021,2056423554.0,7388096046.0,4614163026.0,4567186229.0,,786696949.0
132,2021,1394267867.0,13211669429.0,9005539710.0,8792972763.0,,3637212428.0
255,2021,3545729239.0,9708549014.0,4791421046.0,4673096348.0,,9144952684.0
256,2021,230364918.0,,,,,297848444.417716
3,2022,12405736057.0,7140751274.0,4614268069.0,4462650771.0,,369759594.0
4,2022,411879376.0,174525416.0,146740833.0,145026565.0,,2656218.0
5,2022,12817615433.0,7315276690.0,4775454947.0,4607677336.0,,372415812.0
8,2022,32170064705.0,14115186424.0,4606861014.0,4516625267.0,,1847977287.0
9,2022,2822236354.0,891602321.0,281846198.0,279882888.0,,23087724.0
10,2022,34992301059.0,15006788745.0,4901521321.0,4796508155.0,,1871065011.0
14,2022,1091016219.0,1587410114.0,1461957687.0,1458932380.0,,223657002.0
101,2022,111124760.0,186905406.0,109247472.0,109247472.0,,6963718.06
102,2022,78060262.0,58025492.0,45362731.0,45362731.0,,7381671.01
262,2022,49090117733.0,24195789223.0,11512491199.0,11017728073.0,,2481483214.07
21,2022,6044840740.0,1130006940.0,569481077.0,563631347.0,,233192683.0
22,2022,9440570824.0,1788178050.0,1351755935.0,1331998984.0,,1406846958.0
23,2022,4718228310.0,1433222094.0,1443430196.0,1436499571.0,,979200215.0
25,2022,43682479848.0,10226743069.0,5356276442.0,5191002999.0,,2076244140.0
26,2022,2693530387.0,1296116124.0,1945795753.0,1940851741.0,,667311307.0
27,2022,29415130.0,52466008.0,60001806.0,59987668.0,,12708882.0
24,2022,512153287.0,100795808.0,38573893.0,38364992.0,,64961348.0
263,2022,67121218526.0,16048943651.0,11187493969.0,10562337302.0,,5440465533.000001
31,2022,434754069.0,50809014.0,104713496.0,104683184.0,,94613623.0
32,2022,2965609879.0,903693600.0,1465618777.0,1462565982.0,,960618560.0
264,2022,3400363948.0,954652882.0,1570771515.0,1567249166.0,,1055232183.0
45,2022,1339799.0,38536603.0,28339293.0,28339293.0,,90337370.0
42,2022,137776384.0,119148499.0,95852419.0,95688129.0,,210988481.0
43,2022,241140353.0,297556560.0,274582948.0,274054414.0,,495645071.0
44,2022,94975449.0,402263690.0,440899143.0,440004633.0,,200267132.0
265,2022,475231985.0,857969262.0,840302324.0,838086469.0,,997238054.0
85,2022,266430637.0,,,,,78352581.0
86,2022,18286702.0,,27140704.0,27139959.0,,7071979.0
136,2022,0.0,,,,,0.0
51,2022,170035176.0,652869225.0,478819496.0,472406631.0,,
52,2022,295010.0,4499570.0,4347730.0,4347503.0,,
54,2022,12673936.0,87639684.0,23413098.0,23409272.0,,
55,2022,1128100.0,22686290.0,16320663.0,16232482.0,,
58,2022,155945837.0,465684754.0,268455545.0,265460756.0,,
142,2022,1441985.0,3787140.0,3678391.0,3678391.0,,
109,2022,791965.0,8746761.0,4268039.0,4268039.0,,
73,2022,66375091.0,172178756.0,173651572.0,164098780.0,,
266,2022,408687100.0,1882619354.0,1165972035.0,1122085242.0,,
131,2022,27291668.0,770334386.0,303761558.0,299035364.0,,28271980.0
141,2022,1960387857.0,7809356972.0,4625400334.0,4586576989.0,,749222602.0
132,2022,1184348041.0,11957884044.0,8742128941.0,8530737046.0,,3141581396.0
255,2022,3553355569.0,9865000547.0,5024150781.0,4896696024.0,,8555752432.0
256,2022,165623043.0,,,,,234673790.512137
3,2023,11415317777.0,7104243074.0,4489402823.0,4337723135.0,,338598137.0
4,2023,369539186.0,179550423.0,140873249.0,139996442.0,,2390901.0
5,2023,11784856963.0,7283793497.0,4644539760.0,4477719578.0,,340989038.0
8,2023,30811256327.0,14699590890.0,4962316534.0,4857832925.0,,1798112383.0
9,2023,2437821429.0,855649970.0,279355345.0,278007419.0,,19941124.0
10,2023,33249077756.0,15555240860.0,5256633169.0,5135840344.0,,1818053507.0
14,2023,973029960.0,1637338283.0,1445105991.0,1442028074.0,,202990573.0
101,2023,99085190.0,179110673.0,105273370.0,105273370.0,,6249565.09
102,2023,71672944.0,52260377.0,40510244.0,40510244.0,,6792585.88
262,2023,46177722813.0,24807201218.0,11745003859.0,11201371610.0,,2375075268.97
21,2023,5601822962.0,1141225204.0,618290024.0,611906455.0,,219041997.0
22,2023,8887072636.0,1778423118.0,1452084699.0,1429204989.0,,1221172176.0
23,2023,4024762705.0,1334403026.0,1353584088.0,1347667071.0,,808537932.0
25,2023,38126465518.0,9493448634.0,5280529605.0,5108016763.0,,1779439899.0
26,2023,2227824605.0,1204305345.0,1867657729.0,1863115967.0,,555250889.0
27,2023,25410558.0,58735093.0,49151092.0,49138091.0,,11582701.0
24,2023,555570434.0,105787293.0,49360570.0,49082716.0,,70468364.0
263,2023,59448929418.0,15139808911.0,11106121253.0,10458132051.0,,4665493958.0
31,2023,451825360.0,59684337.0,105303497.0,105267696.0,,95952621.0
32,2023,2541109238.0,858220142.0,1430663579.0,1428099022.0,,787252665.0
264,2023,2992934598.0,922677264.0,1536396405.0,1533366717.0,,883205286.0
45,2023,1252523.0,39063907.0,32538397.0,32538397.0,,84421719.0
42,2023,114867897.0,107564266.0,94892158.0,94521802.0,,152276123.0
43,2023,226433063.0,317026315.0,266905574.0,266034411.0,,483228376.0
44,2023,92257876.0,429032047.0,478187338.0,477082152.0,,188476886.0
265,2023,434811359.0,893602593.0,873142885.0,870176761.0,,908403104.0
85,2023,376074513.0,,,,,63570656.0
86,2023,19702720.0,,30932637.0,30931986.0,,7555315.0
51,2023,156069566.0,652431907.0,454777737.0,449102844.0,,
52,2023,282874.0,4416901.0,3915038.0,3914886.0,,
54,2023,7959621.0,68877203.0,24772866.0,24765336.0,,
55,2023,930791.0,21027328.0,16796185.0,16794669.0,,
58,2023,143911274.0,393284330.0,277343449.0,274410330.0,,
142,2023,1944348.0,5047996.0,4890644.0,4890644.0,,
109,2023,794010.0,8822439.0,4777481.0,4777481.0,,
73,2023,63337551.0,220430400.0,165619814.0,159537112.0,,
266,2023,375230035.0,1912595277.0,1150174287.0,1111469950.0,,
131,2023,24032345.0,713929891.0,311405371.0,305858000.0,,23994446.0
141,2023,1363415260.0,5845145115.0,3540895069.0,3501338186.0,,533586159.0
132,2023,1057980699.0,10806646670.0,8124904816.0,7964055722.0,,2799285710.0
255,2023,4155186169.0,13322272863.0,7142702091.0,6957974640.0,,9207305057.0
256,2023,150441476.0,,,,,215946461.080099
103,2008,,185532785.0,,,,
104,2008,,96438981.0,,,,
105,2008,,17867079.0,,,,
106,2008,,4228629.0,,,,
254,2008,,8434527474.0,6602138203.0,6568395555.0,33742648.0,
113,2008,,1246120.0,,,,
116,2008,,35558000.0,,,,
118,2008,,,32218768283.0,,,
103,2009,,166761263.0,,,,
104,2009,,88418651.0,,,,
105,2009,,15443222.0,,,,
106,2009,,3976928.0,,,,
56,2009,,16543434.0,4957755.0,4957755.0,,
57,2009,,678953.0,1071572.0,1071572.0,,
108,2009,,1685054188.0,1359266730.0,1359176730.0,90000.0,
74,2009,,817075478.0,632255370.0,631003122.0,1252248.0,
62,2009,,94821754.0,34127075.0,34127075.0,,
61,2009,,33971.0,35009.0,35009.0,,
129,2009,,2384350.0,2950777.0,213427.0,2737350.0,
130,2009,,9082000.0,1290000.0,1290000.0,,
113,2009,,76015.0,,,,
116,2009,,24393589.0,,,,
118,2009,,,28906834000.0,,,
103,2010,,154048906.0,,,,
104,2010,,77443755.0,,,,
105,2010,,12419554.0,,,,
106,2010,,2797598.0,,,,
56,2010,,14028517.0,3717386.0,3717386.0,,
57,2010,,879068.0,645920.0,645920.0,,
108,2010,,1754307160.0,1282599638.0,1282599638.0,,
61,2010,,85801133.0,21628504.0,-1244987.0,22873491.0,
62,2010,,93920879.0,30621321.0,30621321.0,,
130,2010,,11214161.0,1382702.0,1382702.0,,
129,2010,,2658500.0,1105477.0,1105477.0,,
137,2010,,1200000.0,50000.0,50000.0,,
74,2010,,813186449.0,674891906.0,669263649.0,5628257.0,
138,2010,,3069349.0,5778908.0,5778908.0,,
76,2010,,,,,,
143,2010,,135017737.0,115681428.0,81283945.0,34397483.0,
254,2010,,8678471263.0,6256884340.0,6092685767.0,164192595.0,
113,2010,,143200.0,,,,
116,2010,,24114000.0,,,,
103,2011,,146106213.0,,,,
104,2011,,68079944.0,,,,
105,2011,,8403379.0,,,,
106,2011,,3039435.0,,,,
56,2011,,10649631.0,6885551.0,6885551.0,,
57,2011,,1610880.0,819854.0,819854.0,,
108,2011,,1661327392.0,1337111546.0,1337025406.0,86140.0,
61,2011,,15416343.0,10120686.0,180912.0,9939774.0,
62,2011,,92162055.0,27785207.0,27785207.0,,
130,2011,,12059412.0,1174245.0,1174245.0,,
129,2011,,3014225.0,1090449.0,1090449.0,,
137,2011,,1500000.0,50000.0,50000.0,,
74,2011,,801898619.0,592763214.0,589658800.0,3104414.0,
138,2011,,3126445.0,5238523.0,5238523.0,,
76,2011,,,,,,
143,2011,,146643367.0,101732142.0,50667844.0,51064298.0,
254,2011,,8996914718.0,6680004289.0,6508650373.0,171353916.0,
113,2011,,85545.0,,,,
116,2011,,26900000.0,,,,
103,2012,,139693275.0,,,,
104,2012,,61805215.0,,,,
105,2012,,8258210.0,,,,
106,2012,,3249095.0,,,,
56,2012,,16584487.0,6388716.0,6388716.0,,
57,2012,,2117462.0,731090.0,731090.0,,
108,2012,,1532124454.0,1287639019.0,1287075846.0,563173.0,
61,2012,,15869405.0,7715973.0,103913.0,7612060.0,
62,2012,,92490305.0,27045440.0,27045440.0,,
130,2012,,13543594.0,1386993.0,1386993.0,,
129,2012,,843100.0,337143.0,337143.0,,
137,2012,,900000.0,77252.0,77252.0,,
74,2012,,481566624.0,377073383.0,374362756.0,2710627.0,
138,2012,,3298493.0,5566808.0,5566808.0,,
76,2012,,,,,,
143,2012,,504722714.0,273118070.0,238426240.0,34691830.0,
254,2012,,11425117198.0,8383302283.0,8283610850.0,99691434.0,
116,2012,,24272786.0,,,,
103,2013,,136154168.0,,,,
104,2013,,56249764.0,,,,
105,2013,,6650332.0,,,,
106,2013,,2893744.0,,,,
56,2013,,10909600.0,6476230.0,6476230.0,,
57,2013,,1385888.0,451447.0,451447.0,,
108,2013,,1390408379.0,892211543.0,888896772.0,3314771.0,
61,2013,,15341877.0,8427818.0,113053.0,8314765.0,
62,2013,,93592925.0,22755289.0,22755289.0,,
130,2013,,14661740.0,1863749.0,1863749.0,,
137,2013,,315000.0,66126.0,66126.0,,
74,2013,,358500079.0,293935553.0,294003553.0,68000.0,
138,2013,,4198365.0,5059104.0,5059104.0,,
76,2013,,,,,,
143,2013,,688767651.0,343011846.0,305883098.0,37128747.0,
254,2013,,13741147836.0,9881052863.0,9755775926.0,125276937.0,
116,2013,,23703091.0,,,,
103,2014,,167254588.0,,,,
104,2014,,57085375.0,,,,
105,2014,,6511166.0,,,,
106,2014,,2672049.0,,,,
56,2014,,9927505.0,7841380.0,7841380.0,,
57,2014,,1680520.0,575998.0,575998.0,,
108,2014,,1354298789.0,905040438.0,904906425.0,134013.0,
61,2014,,17230121.0,4346440.0,61127.0,4285313.0,
62,2014,,97901570.0,21930467.0,21930467.0,,
130,2014,,15117745.0,1262171.0,1262171.0,,
137,2014,,600000.0,69200.0,69200.0,,
74,2014,,365286587.0,281935388.0,281913388.0,22000.0,
138,2014,,3298493.0,4253758.0,4253758.0,,
143,2014,,695128955.0,358521597.0,322410460.0,36111137.0,
254,2014,,15280028288.0,10969905328.0,10814803278.0,155102049.0,
116,2014,,23609248.0,,,,
103,2015,,147653603.0,,,,
104,2015,,50006424.0,,,,
105,2015,,7851843.0,,,,
106,2015,,2760871.0,,,,
56,2015,,11232788.0,7267095.0,7267095.0,,
57,2015,,1216200.0,867215.0,867215.0,,
108,2015,,1294587392.0,796365784.0,796363936.0,1848.0,
61,2015,,17726874.0,4466011.0,64350.0,4401661.0,
62,2015,,98788267.0,27255769.0,27255769.0,,
130,2015,,16015075.0,1459505.0,1459505.0,,
137,2015,,630000.0,69935.0,69935.0,,
74,2015,,310927931.0,228480673.0,228480673.0,,
138,2015,,3910286.0,6621451.0,6621451.0,,
143,2015,,778341418.0,419295098.0,388383360.0,30911738.0,
254,2015,,16424638332.0,11913406411.0,11758594259.0,154812152.0,
116,2015,,23298466.0,,,,
103,2016,,136788684.0,,,,
104,2016,,48022516.0,,,,
105,2016,,7897908.0,,,,
106,2016,,2224292.0,,,,
56,2016,,9082751.0,9511803.0,9511803.0,,
57,2016,,605240.0,253480.0,253480.0,,
108,2016,,1238257615.0,801728703.0,801555676.0,173027.0,
61,2016,,16733937.0,6791944.0,80664.0,6711281.0,
62,2016,,94350825.0,23140388.0,23140388.0,,
130,2016,,16939799.0,1686060.0,1686060.0,,
137,2016,,10000.0,69935.0,69935.0,,
74,2016,,283969036.0,229569458.0,229070519.0,498939.0,
138,2016,,3711969.0,4251737.0,4251737.0,,
143,2016,,833077763.0,425517944.0,390233390.0,35284554.0,
254,2016,,18495410008.0,12496230556.0,12369420741.0,126809815.0,
116,2016,,31853539.0,,,,
127,2017,,,,,,
103,2017,,137603660.0,,,,
104,2017,,43810662.0,,,,
105,2017,,11809367.0,,,,
106,2017,,3219041.0,,,,
56,2017,,12199280.0,7928939.0,7924834.0,,
57,2017,,916200.0,318549.0,318548.0,,
108,2017,,1222837338.0,857239133.0,846171086.0,,
61,2017,,16316524.0,7022735.0,102405.0,,
62,2017,,90991027.0,25258891.0,25237782.0,,
130,2017,,17465178.0,1634728.0,1634728.0,,
137,2017,,975000.0,72058.0,72058.0,,
74,2017,,278659309.0,230817356.0,230547445.0,,
138,2017,,3886520.0,4000219.0,4000219.0,,
143,2017,,852962466.0,428796540.0,397553074.0,,
254,2017,,20689543550.0,13538080331.0,13318673776.0,,
116,2017,,58356775.0,,,,
103,2018,,125004036.0,,,,
104,2018,,36407912.0,,,,
105,2018,,6368907.0,,,,
106,2018,,2754508.0,,,,
56,2018,,11164024.0,12051408.0,12040467.0,,
57,2018,,592480.0,207737.0,207737.0,,
61,2018,,16089574.0,5436720.0,84707.0,,
62,2018,,88511997.0,26324465.0,26298473.0,,
130,2018,,17687026.0,2204396.0,2204396.0,,
137,2018,,,72241.0,72241.0,,
74,2018,,287485483.0,254646450.0,254573290.0,,
138,2018,,3873038.0,4430726.0,4430726.0,,
143,2018,,877221064.0,440736989.0,405300042.0,,
254,2018,,23056972689.0,15465591023.0,14860610936.0,,
116,2018,,122874754.0,,,,
103,2019,,104631806.0,,,,
104,2019,,35036029.0,,,,
105,2019,,6318863.0,,,,
106,2019,,1141322.0,,,,
56,2019,,12184477.0,10604335.0,10595900.0,,
57,2019,,562005.0,177701.0,177701.0,,
108,2019,,1165453673.0,800413999.0,790555129.0,,
61,2019,,16734256.0,5594718.0,101240.0,,
62,2019,,89354272.0,21109512.0,21098387.0,,
130,2019,,18328818.0,2170812.0,2170812.0,,
137,2019,,203125.0,53000.0,53000.0,,
74,2019,,294359866.0,255456000.0,255343985.0,,
138,2019,,4107991.0,4345537.0,4345537.0,,
143,2019,,910535369.0,483211803.0,449233949.0,,
254,2019,,24207356566.0,15960022182.0,15347594551.0,,
116,2019,,151504766.0,,,,
103,2020,,105184565.0,,,,
104,2020,,28786916.0,,,,
105,2020,,4941790.0,,,,
106,2020,,976857.0,,,,
56,2020,,12182297.0,10009730.0,10002575.0,,
57,2020,,517937.0,175472.0,175472.0,,
108,2020,,1107023527.0,818437007.0,808762616.0,,
61,2020,,14758601.0,5530533.0,89141.0,,
62,2020,,86500588.0,28154484.0,28121848.0,,
130,2020,,22001749.0,2572709.0,2572709.0,,
137,2020,,340000.0,1250.0,1250.0,,
74,2020,,298145379.0,130103593.0,130038600.0,,
138,2020,,8259673.0,5788528.0,5788528.0,,
143,2020,,1003933341.0,345045667.0,299189243.0,,
254,2020,,30521955826.0,19426654108.0,18578457306.0,,
116,2020,,91359071.0,,,,
230,2021,,-16134176.0,,,,
103,2021,,98812127.0,,,,
231,2021,,-25068851.0,,,,
104,2021,,24620474.0,,,,
232,2021,,-1244001.0,,,,
105,2021,,4355752.0,,,,
233,2021,,-31820.0,,,,
106,2021,,1255434.0,,,,
56,2021,,11828490.0,8410459.0,8405031.0,,
57,2021,,566405.0,223780.0,223780.0,,
108,2021,,1098575615.0,821747186.0,811070525.0,,
61,2021,,14744194.0,4624635.0,101526.0,,
62,2021,,87773619.0,28327272.0,28293900.0,,
130,2021,,21568696.0,2990264.0,2990264.0,,
74,2021,,299261514.0,136159307.0,136057338.0,,
138,2021,,7518796.0,5503638.0,5503638.0,,
143,2021,,1138994137.0,364169541.0,326011335.0,,
254,2021,,34232772413.0,21039874824.0,20005082560.0,,
116,2021,,27738909.0,,,,
103,2022,,41382776.0,,,,
104,2022,,21415558.0,,,,
105,2022,,150268.0,,,,
106,2022,,463910.0,,,,
56,2022,,6689294.0,6685016.0,6681662.0,,
57,2022,,302305.0,96227.0,96227.0,,
108,2022,,1244158262.0,801816164.0,792312924.0,,
61,2022,,27811864.0,4685622.0,29150.0,,
62,2022,,91257204.0,22573911.0,22555215.0,,
130,2022,,20600302.0,2677751.0,2677751.0,,
74,2022,,310937813.0,130794157.0,130717603.0,,
138,2022,,6928392.0,5425781.0,5425781.0,,
143,2022,,1266095577.0,342919582.0,303356017.0,,
254,2022,,33127258080.0,20667391170.0,19692371925.0,,
116,2022,,191743740.0,,,,
103,2023,,99457528.0,,,,
104,2023,,23481198.0,,,,
105,2023,,4772785.0,,,,
106,2023,,916058.0,,,,
56,2023,,6278639.0,7867855.0,7863575.0,,
57,2023,,361974.0,112574.0,112574.0,,
108,2023,,1151726278.0,790476349.0,781854859.0,,
61,2023,,87008034.0,4139036.0,30103.0,,
62,2023,,96568804.0,20438347.0,20427802.0,,
130,2023,,19783300.0,2513258.0,2513258.0,,
74,2023,,321604776.0,138693878.0,138617572.0,,
138,2023,,6651246.0,3711763.0,3711763.0,,
143,2023,,1330347452.0,370269965.0,330916678.0,,
254,2023,,33349598709.0,21183090638.0,20176843275.0,,
116,2023,,940836800.0,,,,
80,2008,91276702731.0,37276604473.0,18264233586.0,18240392586.0,23841000.0,4104553072.0
80,2009,83313733967.0,34955045058.0,17240185741.0,17208133675.0,32052066.0,3634746574.0
80,2010,77868718387.0,33131070307.0,16454660098.0,16425115880.0,29544218.0,3635888568.0
80,2011,73210164645.0,31313952946.0,15483606607.0,15450429098.0,33177509.0,3675242933.0
80,2012,68984540690.0,29516121590.0,14214904728.0,14169455269.0,45449459.0,3400451130.0
80,2013,65997266318.0,28687122333.0,13288681421.0,13247623321.0,41058101.0,3270882127.0
80,2014,63836439139.0,28925766104.0,12842553188.0,12804493782.0,38059406.0,3236287879.0
80,2015,62619368328.0,28855318430.0,12436525342.0,12406649262.0,29876080.0,3219561576.0
80,2016,61473029462.0,28206841909.0,12249409345.0,12221618623.0,27790721.0,3133787356.0
80,2017,58937866040.0,26183893891.0,12108407941.0,11816834733.0,0.0,2923196005.0
80,2018,56713541127.0,24975841281.0,11606616460.0,11304734596.0,0.0,2749844875.0
80,2019,54943276537.0,24434279736.0,11852013032.0,11574761356.0,0.0,2780244864.0
80,2020,52633199212.0,23783971581.0,11562706122.0,11257510872.0,0.0,2644560500.0
80,2021,50718875537.0,23298737840.0,11737077630.0,11445024102.0,0.0,2552747587.0
80,2022,48900932711.0,23950858325.0,11138933956.0,10863117871.0,0.0,2467137825.0
80,2023,46006964679.0,24575830168.0,11346278919.0,11055587995.0,0.0,2362033118.0
90,2008,92172362779.0,37276604473.0,18316206976.0,18292365976.0,23841000.0,4286808261.0
90,2009,83830557103.0,34955045058.0,17294344165.0,17262292099.0,32052066.0,3791131440.0
90,2010,78367138570.0,33131070307.0,16520963370.0,16491419152.0,29544218.0,3798383405.0
90,2011,73706615084.0,31313952946.0,15534717120.0,15501539611.0,33177509.0,3854812185.0
90,2012,69481944511.0,29516121590.0,14254490251.0,14209040792.0,45449459.0,3570133000.0
90,2013,66682780419.0,28687122333.0,13327143856.0,13286085756.0,41058101.0,3444067237.0
90,2014,64338083240.0,28925766104.0,12882057565.0,12843998158.0,38059406.0,3371448720.0
90,2015,63019130587.0,28855318430.0,12477818850.0,12447942771.0,29876080.0,3350602571.0
90,2016,61939380458.0,28206841909.0,12286477200.0,12258686479.0,27790721.0,3269653988.0
90,2017,59300995645.0,26183893891.0,12148672763.0,11857095519.0,0.0,3047372517.0
90,2018,57046078693.0,24975841281.0,11640695576.0,11338811861.0,0.0,2877794445.0
90,2019,55261963926.0,24434279736.0,11891858619.0,11614604580.0,0.0,2894013345.0
90,2020,52980148362.0,23783971581.0,11597459676.0,11292263194.0,0.0,2763763869.0
90,2021,51020638476.0,23298737840.0,11766605845.0,11474551401.0,0.0,2659112023.0
90,2022,49185650050.0,23950858325.0,11166074660.0,10890257829.0,0.0,2552562385.0
90,2023,46402741912.0,24575830168.0,11377211556.0,11086519981.0,0.0,2433159089.0
92,2008,92172362779.0,37276604473.0,18316206976.0,18292365976.0,23841000.0,4286808261.0
92,2009,83830557103.0,34955045058.0,17294344165.0,17262292099.0,32052066.0,3791131440.0
92,2010,78367138570.0,33131070307.0,16520963370.0,16491419152.0,29544218.0,3798383405.0
92,2011,73706615084.0,31313952946.0,15534717120.0,15501539611.0,33177509.0,3854812185.0
92,2012,69481944511.0,29516121590.0,14254490251.0,14209040792.0,45449459.0,3570133000.0
92,2013,66682780419.0,28687122333.0,13327143856.0,13286085756.0,41058101.0,3444067237.0
92,2014,64338083240.0,28925766104.0,12882057565.0,12843998158.0,38059406.0,3371448720.0
92,2015,63019130587.0,28855318430.0,12477818850.0,12447942771.0,29876080.0,3350602571.0
92,2016,61939380458.0,28206841909.0,12286477200.0,12258686479.0,27790721.0,3269653988.0
92,2017,59300995645.0,26183893891.0,12148672763.0,11857095519.0,0.0,3047372517.0
92,2018,57046078693.0,24975841281.0,11640695576.0,11338811861.0,0.0,2877794445.0
92,2019,55261963926.0,24434279736.0,11891858619.0,11614604580.0,0.0,2894013345.0
92,2020,52980148362.0,23783971581.0,11597459676.0,11292263194.0,0.0,2763763869.0
92,2021,51020638476.0,23298737840.0,11766605845.0,11474551401.0,0.0,2659112023.0
92,2022,49185650050.0,23950858325.0,11166074660.0,10890257829.0,0.0,2552562385.0
92,2023,46402741912.0,24575830168.0,11377211556.0,11086519981.0,0.0,2433159089.0
248,2008,93009424764.0,38228871247.0,19099199797.0,19075358797.0,23841000.0,4347351554.0
248,2009,84726960787.0,35872755897.0,18029102225.0,17997050159.0,32052066.0,3942027455.711894
248,2010,79047613549.0,34025475547.0,17141712500.0,17110899877.0,30812623.0,3938162415.690112
248,2011,74255028322.0,32097933429.0,16145655419.0,16111466071.0,34189347.0,3967124118.112337
248,2012,69947209731.0,30307734632.0,14885637133.0,14839356867.0,46280266.0,3682743522.7077312
248,2013,67140012103.0,29294263943.0,13876639983.0,13834625833.0,42014149.0,3538520482.459342
248,2014,64795857217.0,29408144874.0,13319784175.0,13280862474.0,38921701.0,3455353901.515679
248,2015,63549599142.0,29420792484.0,12995838109.0,12964979700.0,30858409.0,3463472860.76386
248,2016,62503018865.0,28734832144.0,12849377424.0,12820703513.0,28673911.0,3384497660.952221
248,2017,59853636377.0,26707901265.0,12750877720.0,12458425078.0,0.0,3169266815.38518
248,2018,57622337101.0,25596853735.0,12284541000.0,11981647380.0,0.0,3028113436.5185223
248,2019,55948472168.0,25216928144.0,12780655612.0,12500671369.0,0.0,3137676592.68
248,2020,53296136889.0,24151672642.0,11963771799.0,11657339602.0,0.0,2851722282.39022
248,2021,51206891446.0,23526084169.0,11925361747.0,11633307302.0,0.0,2673799286.98
248,2022,49374835072.0,24195789223.0,11320684862.0,11044868031.0,0.0,2566907774.07
248,2023,46573500046.0,24807201218.0,11522995171.0,11232303596.0,0.0,2446201239.97
81,2008,99084154945.0,20586292254.0,13161957129.0,13150870129.0,11087000.0,11017185281.0
81,2009,82705561686.0,17363725193.0,12171963632.0,12162315487.0,9648145.0,9289442291.0
81,2010,82523747168.0,17330408933.0,11818362450.0,11805975142.0,12387308.0,9345369257.0
81,2011,84691259149.0,17826189680.0,12101592164.0,12084362464.0,17229700.0,9091938376.0
81,2012,79796679896.0,16712568454.0,11216645133.0,11174225775.0,42419357.0,8468877029.0
81,2013,80962554629.0,16985204553.0,10621128240.0,10597231858.0,23896382.0,8331453316.0
81,2014,80377398100.0,17496670696.0,10534016044.0,10523665091.0,10350953.0,8124611265.0
81,2015,80090272589.0,17711220094.0,11080838518.0,11070975425.0,9863093.0,7997302089.0
81,2016,80929933303.0,17675066176.0,11165447085.0,11150107677.0,15339408.0,7977722666.0
81,2017,78174358330.0,16624891780.0,10876702328.0,10707502714.0,0.0,7591408464.0
81,2018,77234912133.0,16540279957.0,11149334249.0,10971088921.0,0.0,7359558320.0
81,2019,75690047144.0,16407116594.0,11319501084.0,11141725675.0,0.0,6931881334.0
81,2020,64180124554.0,13959158452.0,10402610492.0,10208619682.0,0.0,5730022044.0
81,2021,66236440059.0,14644936012.0,10806905176.0,10621861001.0,0.0,5574229419.0
81,2022,67121218526.0,16048943651.0,10765315103.0,10562337302.0,0.0,5440465533.0
81,2023,59448929418.0,15139808911.0,10670657807.0,10458132051.0,0.0,4665493958.0
83,2008,846224918.0,1833059817.0,1819439636.0,1819439636.0,0.0,2155279864.0
83,2009,730276984.0,1669697672.0,1723658214.0,1723658214.0,0.0,1872017696.0
83,2010,658217590.0,1498474224.0,1686027280.0,1686027280.0,0.0,1690765000.0
83,2011,675159525.0,1581306770.0,1692165059.0,1692165059.0,0.0,1783890445.0
83,2012,645222215.0,1589220929.0,1636582879.0,1636582879.0,0.0,1757238297.0
83,2013,570075693.0,1117810677.0,1106897792.0,1105791748.0,1106044.0,1404424716.0
83,2014,549316106.0,817788481.0,729905268.0,729190380.0,714888.0,1213274543.0
83,2015,564576072.0,806076824.0,768081692.0,767929700.0,151992.0,1235191301.0
83,2016,591172587.0,799387481.0,781462576.0,780895509.0,567067.0,1263082965.0
83,2017,619888448.0,801131274.0,772962873.0,771090779.0,0.0,1314260351.0
83,2018,640425285.0,827906693.0,804566309.0,799951094.0,0.0,1341507353.0
83,2019,621696006.0,821420094.0,846938594.0,842906197.0,0.0,1279554587.0
83,2020,570861201.0,832289084.0,898530779.0,894448025.0,0.0,1159435656.0
83,2021,517324377.0,834753854.0,895234124.0,891614518.0,0.0,1068108523.0
83,2022,475231985.0,857969262.0,839673803.0,838086469.0,0.0,997238054.0
83,2023,434811359.0,893602593.0,872523466.0,870176761.0,0.0,908403104.0
82,2008,8605226692.0,2294856567.0,2732149043.0,2732128043.0,21000.0,3676909112.0
82,2009,7953715037.0,2038144039.0,2679983181.0,2679983181.0,0.0,3032361961.0
82,2010,7269469586.0,1878834624.0,2489838263.0,2489409508.0,428755.0,2777972276.0
82,2011,7076739466.0,1821135301.0,2430023509.0,2429621112.0,402397.0,2725406113.0
82,2012,6741350951.0,1731485915.0,2401602009.0,2401089699.0,512310.0,2535488350.0
82,2013,6358973466.0,1658163879.0,2179022359.0,2178451747.0,570612.0,2422307207.0
82,2014,6044714529.0,1625340235.0,2134172337.0,2133666717.0,505620.0,2274976942.0
82,2015,5838174928.0,1589220319.0,2101077203.0,2100589664.0,487539.0,2167761959.0
82,2016,5586182202.0,1506713112.0,2037218879.0,2036739073.0,479805.0,2057665187.0
82,2017,5300745365.0,1374738835.0,1982797760.0,1977025178.0,0.0,1921972209.0
82,2018,4993329271.0,1276700430.0,1889643523.0,1884032058.0,0.0,1744287752.0
82,2019,4634618136.0,1194076938.0,1864918389.0,1860188535.0,0.0,1572262516.0
82,2020,4006079013.0,1023837593.0,1797919866.0,1793703857.0,0.0,1283381933.0
82,2021,3679024827.0,942284441.0,1769468929.0,1765935161.0,0.0,1159792189.0
82,2022,3400363948.0,954652882.0,1570332273.0,1567249166.0,0.0,1055232183.0
82,2023,2992934598.0,922677264.0,1535967076.0,1533366717.0,0.0,883205286.0
91,2008,1683001992.0,2806486684.0,2154282938.0,2150785192.0,3497746.0,0.0
91,2009,1751233393.0,2788085391.0,2171819111.0,2167377869.0,4441242.0,0.0
91,2010,2040572936.0,2930368448.0,2136080263.0,2104539290.0,31540973.0,0.0
91,2011,2103180638.0,2743500703.0,2091219146.0,2074871077.0,16348068.0,0.0
91,2012,2386164319.0,2288311701.0,1809947385.0,1796211898.0,13735487.0,0.0
91,2013,2913127941.0,2013971280.0,1320596130.0,1306857375.0,13874755.0,0.0
91,2014,3446534323.0,1999978053.0,1312903897.0,1306087318.0,6816579.0,0.0
91,2015,4052838217.0,1882775595.0,1161676156.0,1154668407.0,7007749.0,0.0
91,2016,4810280486.0,1789682103.0,1177937863.0,1167870496.0,10067367.0,0.0
91,2017,5432969813.0,1760827676.0,1276728646.0,1254950551.0,0.0,0.0
91,2018,5788513926.0,1689930417.0,1274460027.0,1254919952.0,0.0,0.0
91,2019,5869825251.0,1728836977.0,1237086270.0,1217496372.0,0.0,0.0
91,2020,1980825927.0,1659702433.0,1139172735.0,1119855764.0,0.0,0.0
91,2021,399002921.0,1647607626.0,1157287836.0,1137284919.0,0.0,0.0
91,2022,407895135.0,1846343899.0,1133521427.0,1109713671.0,0.0,0.0
91,2023,374436025.0,1877338292.0,1119367424.0,1100467449.0,0.0,0.0
